lon,lat,k1_thresh,k1_num_excedences,k2_thresh,k2_num_excedences,k3_thresh,k3_num_excedences,k4_thresh,k4_num_excedences,k5_thresh,k5_num_excedences,k6_thresh,k6_num_excedences
-122.75,42.25,302.153412,185,300.845398,450,295.85141,3433,298.098175,1717,301.320526,343,298.950012,1226
-119.75,34.25,299.716675,185,298.65100099999995,450,295.128632,3433,296.578583,1717,298.9625240000001,343,297.145508,1226
-118.25,34.75,302.947174,185,301.748688,450,297.622314,3433,299.328094,1717,302.06955,343,299.997101,1226
-109.75,31.25,307.3829350000001,185,305.76535,450,300.622894,3433,302.77298,1717,306.339966,343,303.554626,1226
-106.75,32.25,308.890381,185,307.199158,450,301.385498,3433,303.749878,1717,307.777802,343,304.758057,1226
-106.25,28.75,305.985992,185,304.615509,450,299.4454350000001,3433,301.489441,1717,305.143616,343,302.382141,1226
-103.25,25.75,310.619873,185,309.293427,450,304.238556,3433,306.305908,1717,309.784973,343,307.180542,1226
-102.75,20.75,303.744171,185,302.444275,450,298.485779,3433,299.916168,1717,302.763,343,300.622467,1226
-99.75,16.75,308.114441,185,307.375763,450,304.85379,3433,305.767029,1717,307.637817,343,306.261475,1226
-99.75,17.75,305.261932,185,304.556854,450,301.945251,3433,303.095001,1717,304.813263,343,303.54483,1226
-98.75,20.25,298.617371,185,297.703827,450,294.773438,3433,295.921021,1717,297.9850160000001,343,296.4068910000001,1226
-98.25,34.75,313.3279720000001,185,311.886993,450,305.343567,3433,308.6545720000001,1717,312.378265,343,309.639404,1226
-97.75,25.75,309.3255,185,308.487976,450,306.138397,3433,307.137177,1717,308.747894,343,307.529785,1226
-97.25,19.75,298.722473,185,297.7101140000001,450,294.468536,3433,295.573975,1717,298.067047,343,296.205231,1226
-96.25,42.25,307.140808,185,304.480316,450,299.222534,3433,300.938416,1717,305.230347,343,301.673615,1226
-91.25,14.25,306.34668,185,306.00293,450,304.742462,3433,305.287842,1717,306.130554,343,305.483307,1226
-90.75,42.75,305.237213,185,303.056519,450,298.134552,3433,299.940094,1717,303.774475,343,300.746887,1226
-88.25,15.25,304.451477,185,303.669708,450,301.4448240000001,3433,302.245514,1717,303.932281,343,302.589081,1226
-87.75,42.25,305.8586430000001,185,303.7431640000001,450,298.6729430000001,3433,300.403839,1717,304.481232,343,301.207428,1226
-85.75,42.75,303.187164,185,302.002136,450,298.1092220000001,3433,299.731781,1717,302.356628,343,300.339294,1226
-84.75,42.75,302.9541930000001,185,301.695038,450,297.987823,3433,299.6239930000001,1717,302.0780640000001,343,300.272186,1226
-84.25,33.75,310.047211,185,308.027527,450,302.512268,3433,304.274109,1717,308.681519,343,305.196045,1226
-79.75,-1.25,304.939026,185,303.991028,450,302.68225099999995,3433,303.146118,1717,304.235504,343,303.345306,1226
-79.25,44.25,301.089569,185,300.0562740000001,450,296.318573,3433,297.977051,1717,300.363556,343,298.576782,1226
-77.75,21.25,305.873596,185,305.401245,450,303.770752,3433,304.46402,1717,305.544373,343,304.746277,1226
-76.25,4.25,303.037415,185,301.918579,450,298.344147,3433,299.5552370000001,1717,302.189758,343,300.32724,1226
-75.25,7.75,307.928741,185,306.877228,450,304.5405580000001,3433,305.401672,1717,307.151978,343,305.816589,1226
-73.75,18.25,304.164368,185,303.729156,450,302.208099,3433,302.8676450000001,1717,303.886292,343,303.107117,1226
-73.25,-40.75,297.427887,185,295.163879,450,289.717041,3433,291.469238,1717,295.864105,343,292.36676,1226
-73.25,41.25,304.855499,185,303.462891,450,299.179871,3433,300.9390870000001,1717,303.8739930000001,343,301.625519,1226
-72.75,10.25,297.819641,185,297.327148,450,295.813629,3433,296.435303,1717,297.469238,343,296.695557,1226
-72.75,46.25,299.923004,185,298.961426,450,294.743378,3433,296.6864930000001,1717,299.256683,343,297.363617,1226
-71.75,-35.75,300.473389,185,299.55835,450,296.206421,3433,297.724762,1717,299.862305,343,298.3002620000001,1226
-71.25,10.25,307.612976,185,307.042694,450,305.298767,3433,306.01001,1717,307.239746,343,306.308899,1226
-69.25,9.75,304.529907,185,303.942383,450,302.024628,3433,302.757751,1717,304.129669,343,303.05423,1226
-65.75,-27.25,305.1035770000001,185,303.362274,450,298.939209,3433,300.404419,1717,303.804779,343,301.122467,1226
-64.75,-21.75,301.3975220000001,185,300.138367,450,295.768707,3433,297.33902,1717,300.621887,343,298.064728,1226
-62.25,8.25,304.0923160000001,185,303.559235,450,302.104614,3433,302.67712400000005,1717,303.726624,343,302.920288,1226
-60.75,-32.75,306.125885,185,304.988068,450,300.9127200000001,3433,302.647125,1717,305.3481450000001,343,303.368317,1226
-58.75,-38.75,300.594452,185,299.294067,450,295.196594,3433,296.837646,1717,299.717255,343,297.564392,1226
-56.25,-25.75,309.5961,185,308.41275,450,304.074524,3433,305.849365,1717,308.7423100000001,343,306.6086430000001,1226
-54.25,-31.25,305.961334,185,304.5855410000001,450,300.430725,3433,302.1181640000001,1717,305.0254520000001,343,302.869904,1226
-53.25,-26.25,305.247101,185,303.814545,450,300.0006410000001,3433,301.345886,1717,304.224731,343,302.021057,1226
-51.25,-22.25,307.1939700000001,185,306.0884700000001,450,302.153625,3433,303.758453,1717,306.468231,343,304.429443,1226
-50.25,-29.75,304.129669,185,302.809204,450,299.45993,3433,300.703949,1717,303.225891,343,301.287964,1226
-50.25,-27.75,302.7807620000001,185,301.241852,450,297.44787599999995,3433,298.651581,1717,301.710754,343,299.216614,1226
-48.75,-2.75,308.661926,185,307.78302,450,305.196045,3433,306.123108,1717,308.103516,343,306.57605,1226
-47.75,-23.25,307.273407,185,305.854614,450,301.232452,3433,303.099762,1717,306.300842,343,303.884094,1226
-47.75,-18.25,307.111084,185,306.140808,450,302.798065,3433,304.210785,1717,306.420837,343,304.779907,1226
-47.25,-2.75,306.453339,185,305.946411,450,304.393433,3433,305.026611,1717,306.101929,343,305.277069,1226
-46.75,-23.75,304.907074,185,303.788483,450,299.518616,3433,301.302155,1717,304.17923,343,302.048431,1226
-44.25,-22.75,302.83313,185,301.945892,450,299.075958,3433,300.259613,1717,302.27063,343,300.744598,1226
-44.25,-19.25,305.454285,185,304.663208,450,301.68277,3433,302.854279,1717,304.945557,343,303.3430180000001,1226
-43.25,-4.75,308.332611,185,307.661011,450,305.479034,3433,306.371613,1717,307.863495,343,306.745514,1226
-42.75,-14.25,305.769135,185,305.019989,450,302.412292,3433,303.457764,1717,305.236755,343,303.92041,1226
-39.25,-13.25,305.58667,185,304.660736,450,301.804047,3433,302.63446,1717,305.03186,343,303.095642,1226
-39.25,-6.25,307.708221,185,306.769348,450,304.25705,3433,305.201813,1717,307.045532,343,305.654449,1226
-37.25,-8.25,304.803467,185,303.894989,450,301.727478,3433,302.506622,1717,304.1627200000001,343,302.893188,1226
-13.75,10.25,306.167725,185,305.565338,450,303.946106,3433,304.557648,1717,305.771606,343,304.809967,1226
-13.75,11.25,306.623077,185,306.02298,450,304.115112,3433,304.9000240000001,1717,306.205261,343,305.208923,1226
-11.75,7.75,305.007751,185,304.547058,450,303.391296,3433,303.8682560000001,1717,304.679993,343,304.050842,1226
-10.75,11.25,308.972168,185,308.0932620000001,450,305.300934,3433,306.571503,1717,308.3757930000001,343,307.043915,1226
-10.25,9.25,305.518158,185,304.866028,450,302.63028,3433,303.520294,1717,305.096924,343,303.924957,1226
-9.25,30.25,307.007965,185,305.836853,450,302.084503,3433,303.744598,1717,306.1871950000001,343,304.363831,1226
-9.25,53.25,293.730438,185,292.322571,450,289.110779,3433,290.278076,1717,292.756165,343,290.814056,1226
-7.75,31.75,311.000732,185,309.791168,450,305.28009,3433,307.188599,1717,310.168671,343,307.91745,1226
-6.75,38.75,309.045166,185,307.429688,450,302.633575,3433,304.647369,1717,307.878723,343,305.447632,1226
-5.75,9.25,311.726929,185,310.0850220000001,450,305.692139,3433,307.213257,1717,310.680878,343,307.859375,1226
-5.75,35.75,304.626404,185,303.55307,450,300.137482,3433,301.532227,1717,303.884857,343,302.132813,1226
-5.75,43.75,301.66333,185,300.364441,450,295.086517,3433,297.298065,1717,300.822601,343,298.185364,1226
-5.25,6.75,309.847168,185,308.066345,450,304.732391,3433,305.924011,1717,308.701324,343,306.497803,1226
-5.25,12.25,311.897583,185,311.113647,450,308.079742,3433,309.43631,1717,311.38855,343,309.914734,1226
-4.25,36.75,306.896667,185,305.54361,450,301.182098,3433,302.927094,1717,305.950287,343,303.674103,1226
-4.25,43.25,300.609161,185,299.379089,450,294.24176,3433,296.544525,1717,299.867584,343,297.408569,1226
-3.75,55.75,294.0938720000001,185,292.547577,450,288.914032,3433,290.309082,1717,293.057465,343,290.888977,1226
-2.75,52.75,296.68515,185,294.66806,450,290.460693,3433,291.972809,1717,295.224609,343,292.638397,1226
-2.25,13.25,313.32287599999995,185,312.504089,450,309.298309,3433,310.755371,1717,312.778412,343,311.261536,1226
-2.25,52.75,297.018402,185,295.120361,450,290.876831,3433,292.467255,1717,295.691315,343,293.126617,1226
-1.75,7.75,307.288269,185,306.6669310000001,450,304.692719,3433,305.579559,1717,306.875031,343,305.914734,1226
-1.75,43.25,304.594727,185,302.705261,450,296.6636660000001,3433,299.166321,1717,303.319244,343,300.136627,1226
-1.25,7.25,307.498871,185,306.869965,450,304.933746,3433,305.790192,1717,307.03476,343,306.100922,1226
-1.25,51.75,299.424866,185,297.211365,450,292.136597,3433,293.935638,1717,297.968414,343,294.819794,1226
-1.25,53.75,296.105774,185,294.41864,450,290.540344,3433,292.0292970000001,1717,294.960144,343,292.670288,1226
1.25,7.75,307.620422,185,306.9526370000001,450,305.003662,3433,305.851105,1717,307.15451,343,306.175537,1226
1.25,9.75,309.272583,185,308.631348,450,305.9689029999999,3433,307.169983,1717,308.836151,343,307.627594,1226
1.75,12.75,313.534363,185,312.71283,450,309.780334,3433,311.0934450000001,1717,312.986725,343,311.579681,1226
1.75,52.25,298.244568,185,296.42041,450,291.96405,3433,293.648499,1717,297.0461430000001,343,294.338867,1226
4.25,32.75,316.646912,185,315.096771,450,309.973938,3433,312.113525,1717,315.655304,343,312.937317,1226
4.25,35.25,311.280792,185,309.79776,450,304.462494,3433,306.85437,1717,310.279175,343,307.760071,1226
4.25,51.75,298.831207,185,297.190857,450,292.389709,3433,294.225952,1717,297.710602,343,295.013763,1226
4.75,8.75,309.134674,185,308.550171,450,306.000244,3433,307.108093,1717,308.7341,343,307.5537720000001,1226
5.25,34.25,315.07193,185,313.673279,450,309.006104,3433,311.020966,1717,314.117096,343,311.818329,1226
5.75,6.25,307.1957700000001,185,306.594482,450,304.759033,3433,305.550659,1717,306.770386,343,305.873779,1226
5.75,8.75,309.928436,185,309.152069,450,306.378204,3433,307.596405,1717,309.407684,343,308.063232,1226
6.25,35.75,308.163635,185,306.757813,450,301.470703,3433,303.7436830000001,1717,307.299713,343,304.683411,1226
6.75,8.25,309.051178,185,308.385773,450,305.861176,3433,306.975616,1717,308.6391910000001,343,307.401123,1226
6.75,9.75,309.836426,185,309.025055,450,305.9395140000001,3433,307.259064,1717,309.259155,343,307.771973,1226
6.75,11.75,310.631683,185,309.632568,450,305.7514950000001,3433,307.308777,1717,309.936096,343,307.976776,1226
6.75,12.25,311.214142,185,310.3393549999999,450,307.093719,3433,308.485626,1717,310.629181,343,309.075348,1226
6.75,13.75,313.316589,185,312.511505,450,309.111755,3433,310.541534,1717,312.764008,343,311.1158450000001,1226
7.25,9.25,308.901367,185,308.126526,450,305.149689,3433,306.427002,1717,308.372437,343,306.913025,1226
7.25,35.75,308.090637,185,306.696869,450,301.449921,3433,303.680847,1717,307.233276,343,304.627411,1226
7.25,48.25,301.53833,185,299.613831,450,294.0336,3433,296.34613,1717,300.286591,343,297.2735600000001,1226
7.75,5.25,306.588196,185,306.016937,450,303.8765870000001,3433,304.7132870000001,1717,306.207794,343,305.089417,1226
7.75,48.75,301.855042,185,300.324829,450,295.3994140000001,3433,297.610809,1717,300.737854,343,298.483032,1226
8.75,13.75,313.804565,185,312.87439,450,309.232605,3433,310.826477,1717,313.18573,343,311.431213,1226
8.75,35.25,310.665375,185,308.828552,450,302.905701,3433,305.177277,1717,309.3452450000001,343,306.204376,1226
9.25,48.25,300.27951,185,298.504547,450,293.4063720000001,3433,295.628723,1717,299.076416,343,296.4560850000001,1226
10.25,7.25,308.021423,185,307.085663,450,304.064148,3433,305.14587400000005,1717,307.417023,343,305.704865,1226
10.25,35.75,310.35025,185,308.785492,450,304.516846,3433,306.182831,1717,309.244995,343,306.8890990000001,1226
10.25,43.75,305.024689,185,303.792145,450,298.653839,3433,300.859833,1717,304.190704,343,301.77600099999995,1226
10.25,44.75,305.082489,185,303.511322,450,297.8600160000001,3433,299.933899,1717,304.146637,343,300.86673,1226
10.25,47.75,300.133911,185,298.2636720000001,450,293.0101620000001,3433,295.111847,1717,298.828461,343,295.90741,1226
10.75,45.25,307.091431,185,305.45163,450,299.3984680000001,3433,301.63858,1717,306.003754,343,302.702271,1226
11.75,2.75,301.905975,185,301.606293,450,300.48526,3433,300.959961,1717,301.6874390000001,343,301.149292,1226
11.75,11.75,314.713013,185,312.416901,450,308.002136,3433,309.706879,1717,312.973633,343,310.457397,1226
12.25,9.75,312.958344,185,311.237305,450,306.9317020000001,3433,308.515717,1717,311.736603,343,309.192871,1226
12.25,11.25,311.886932,185,310.940552,450,307.2498470000001,3433,308.737701,1717,311.224701,343,309.409027,1226
12.75,2.75,302.892181,185,302.361908,450,301.189819,3433,301.675934,1717,302.510498,343,301.865234,1226
13.25,-1.75,303.637421,185,302.894775,450,301.484039,3433,301.971161,1717,303.1073,343,302.203308,1226
13.75,11.75,313.968781,185,312.99234,450,309.487854,3433,310.916809,1717,313.33902,343,311.513885,1226
14.25,-5.75,304.072418,185,303.2995,450,301.791016,3433,302.328796,1717,303.507477,343,302.558502,1226
14.25,9.75,314.6440120000001,185,312.611603,450,308.361603,3433,310.007446,1717,313.237183,343,310.662292,1226
14.25,14.25,314.037384,185,313.113434,450,310.242035,3433,311.418091,1717,313.414276,343,311.900848,1226
14.75,-5.75,303.508179,185,302.695801,450,301.1968080000001,3433,301.732452,1717,302.885651,343,301.964691,1226
15.25,37.75,305.3264470000001,185,304.132233,450,300.430298,3433,301.971741,1717,304.500702,343,302.600037,1226
16.25,1.75,303.632782,185,303.0961910000001,450,301.803589,3433,302.30542,1717,303.27243,343,302.537598,1226
16.75,40.75,305.603638,185,304.400726,450,299.870972,3433,301.719574,1717,304.777191,343,302.4790950000001,1226
17.25,-12.25,302.035309,185,301.145691,450,298.218323,3433,299.06427,1717,301.448486,343,299.594696,1226
17.75,8.75,310.8814700000001,185,309.697784,450,306.203339,3433,307.6492,1717,310.112579,343,308.254303,1226
18.25,52.75,301.247101,185,299.365997,450,293.830933,3433,295.996796,1717,299.940399,343,296.961121,1226
18.75,8.75,311.070618,185,309.886688,450,306.521515,3433,307.901978,1717,310.313629,343,308.498291,1226
20.25,-9.75,303.813934,185,303.188171,450,300.665863,3433,301.74469,1717,303.399017,343,302.168823,1226
21.75,43.25,306.105621,185,304.357452,450,298.062256,3433,300.692291,1717,304.964874,343,301.792145,1226
22.25,-5.25,306.366028,185,305.356445,450,302.333618,3433,303.379181,1717,305.6251220000001,343,303.921051,1226
22.25,4.25,305.763702,185,305.017944,450,302.771362,3433,303.597473,1717,305.25061,343,304.011993,1226
24.25,11.75,312.205597,185,311.092529,450,307.714386,3433,309.036804,1717,311.368408,343,309.631165,1226
25.75,48.25,303.405609,185,301.443085,450,295.291199,3433,297.6039120000001,1717,302.106506,343,298.690125,1226
26.75,47.75,304.78299,185,302.828857,450,296.627991,3433,298.96109,1717,303.476501,343,300.0552370000001,1226
27.25,-9.25,305.625336,185,304.77179,450,301.4770200000001,3433,302.850616,1717,305.096588,343,303.429993,1226
27.25,42.25,304.763702,185,303.363434,450,299.082062,3433,300.896973,1717,303.7651370000001,343,301.614532,1226
27.75,40.75,304.342438,185,303.334778,450,299.837097,3433,301.287933,1717,303.6427,343,301.915833,1226
27.75,53.75,301.644897,185,299.873352,450,294.48999,3433,296.62207,1717,300.4381410000001,343,297.495148,1226
28.75,-12.75,306.260529,185,305.090973,450,300.6186830000001,3433,302.559875,1717,305.529053,343,303.355682,1226
28.75,-2.75,298.629181,185,297.84848,450,295.601837,3433,296.411407,1717,298.069885,343,296.76828,1226
28.75,-1.75,298.201355,185,297.249725,450,295.1529240000001,3433,295.863403,1717,297.5,343,296.1874390000001,1226
29.25,-5.75,304.259766,185,303.4541930000001,450,300.682587,3433,301.702484,1717,303.697357,343,302.18988,1226
29.25,14.25,313.8823240000001,185,312.4174799999999,450,309.472809,3433,310.6347350000001,1717,312.7611080000001,343,311.10553,1226
29.75,0.75,301.699982,185,301.040527,450,299.607361,3433,300.1090700000001,1717,301.24408,343,300.3516850000001,1226
29.75,59.75,298.190277,185,296.7124330000001,450,292.440521,3433,294.178406,1717,297.22226,343,294.931641,1226
30.25,-4.75,304.141235,185,303.356628,450,300.693298,3433,301.7896120000001,1717,303.610626,343,302.216888,1226
30.25,13.25,312.467834,185,311.630341,450,309.02243,3433,310.136017,1717,311.871094,343,310.588531,1226
30.75,52.25,302.634186,185,300.63559,450,294.967621,3433,297.049591,1717,301.308929,343,297.965454,1226
31.25,29.25,309.310089,185,308.380798,450,305.23053,3433,306.531067,1717,308.716461,343,307.088348,1226
31.25,36.75,310.714752,185,309.412964,450,304.612,3433,306.706573,1717,309.884369,343,307.518768,1226
31.75,-16.25,309.505829,185,308.57547,450,304.563751,3433,306.35376,1717,308.8824160000001,343,307.071045,1226
31.75,40.75,299.605103,185,298.565247,450,294.640167,3433,296.322052,1717,298.9476620000001,343,296.950806,1226
32.25,13.75,313.5409850000001,185,312.670959,450,310.128754,3433,311.23645,1717,312.893097,343,311.702332,1226
33.25,-18.25,307.388428,185,306.47934,450,302.575867,3433,304.216614,1717,306.753204,343,304.9055180000001,1226
33.25,-3.75,304.2319950000001,185,303.529755,450,301.293854,3433,302.208069,1717,303.761047,343,302.584076,1226
33.25,51.75,303.298157,185,301.110413,450,295.224091,3433,297.347229,1717,301.813721,343,298.349243,1226
33.75,-25.25,306.557312,185,305.3540950000001,450,302.623932,3433,303.571106,1717,305.68396,343,304.046112,1226
33.75,-16.25,311.611938,185,310.668854,450,306.625977,3433,308.4537660000001,1717,310.986969,343,309.115784,1226
33.75,-9.75,307.875183,185,306.746918,450,303.428833,3433,304.772675,1717,307.07309,343,305.312805,1226
34.25,0.75,302.226563,185,301.484802,450,299.5456240000001,3433,300.307953,1717,301.667938,343,300.643372,1226
35.25,-16.25,308.59259,185,307.5935970000001,450,304.067505,3433,305.559082,1717,307.916443,343,306.158875,1226
35.25,33.25,307.1488950000001,185,305.99939,450,302.636139,3433,303.9999390000001,1717,306.362671,343,304.616241,1226
35.25,47.75,306.0395200000001,185,304.504883,450,298.736481,3433,301.170288,1717,305.007172,343,302.1669310000001,1226
35.75,-4.25,304.95575,185,303.425751,450,299.76767,3433,301.032928,1717,303.928101,343,301.587891,1226
35.75,35.75,307.931305,185,306.733582,450,303.397308,3433,304.806427,1717,307.086304,343,305.357758,1226
36.75,11.25,301.850098,185,301.042145,450,297.76355,3433,299.217285,1717,301.316986,343,299.7744140000001,1226
36.75,15.25,312.904175,185,312.007629,450,309.169952,3433,310.296265,1717,312.292511,343,310.777771,1226
36.75,18.75,311.975403,185,311.355042,450,308.760559,3433,309.94223,1717,311.557648,343,310.378326,1226
36.75,45.25,305.466949,185,304.0917970000001,450,299.1792910000001,3433,301.17984,1717,304.587372,343,302.088074,1226
37.75,47.75,305.278564,185,303.76593,450,298.002991,3433,300.433563,1717,304.208496,343,301.440155,1226
38.25,11.25,301.707245,185,300.871094,450,297.93573,3433,299.201263,1717,301.171112,343,299.677521,1226
38.25,13.25,300.975891,185,300.290253,450,297.829803,3433,298.845856,1717,300.51947,343,299.2601620000001,1226
38.75,11.75,300.633148,185,299.714264,450,296.728241,3433,297.955841,1717,300.025238,343,298.4681700000001,1226
38.75,14.25,302.658722,185,301.788818,450,299.345459,3433,300.274567,1717,302.0572200000001,343,300.658997,1226
38.75,14.75,302.938629,185,302.2095950000001,450,300.004059,3433,300.856598,1717,302.440521,343,301.204926,1226
38.75,47.25,306.720154,185,305.194702,450,299.430298,3433,301.8648990000001,1717,305.6270140000001,343,302.878662,1226
39.75,-13.25,307.9212950000001,185,306.818848,450,303.540161,3433,304.772278,1717,307.212158,343,305.32132,1226
39.75,10.75,298.456268,185,297.530487,450,294.733154,3433,295.694092,1717,297.817505,343,296.186523,1226
39.75,24.25,315.501038,185,314.757507,450,311.803497,3433,313.13739,1717,314.98114,343,313.6100160000001,1226
39.75,43.75,302.306519,185,301.032501,450,296.657166,3433,298.371185,1717,301.461731,343,299.072052,1226
39.75,57.75,299.829132,185,298.08667,450,293.219788,3433,295.148132,1717,298.636475,343,296.000885,1226
40.25,0.25,309.008942,185,308.424469,450,306.632446,3433,307.398529,1717,308.58725,343,307.674957,1226
40.75,37.25,313.162781,185,311.8051450000001,450,307.258331,3433,309.170563,1717,312.220947,343,309.952332,1226
42.25,57.25,300.815857,185,298.985199,450,293.553802,3433,295.584503,1717,299.564484,343,296.5493160000001,1226
42.75,-0.25,305.95874,185,305.6416930000001,450,304.48703,3433,304.973175,1717,305.737213,343,305.165894,1226
43.25,-11.75,302.3530580000001,185,302.015411,450,300.941772,3433,301.394562,1717,302.122955,343,301.5626220000001,1226
43.25,35.75,316.902496,185,315.558075,450,311.290253,3433,313.052368,1717,316.013824,343,313.778381,1226
43.25,39.25,302.75824,185,301.231842,450,295.877197,3433,298.306549,1717,301.649384,343,299.195587,1226
43.75,26.25,316.366058,185,315.619019,450,312.684601,3433,314.0737,1717,315.88089,343,314.551788,1226
43.75,43.75,306.641479,185,304.955719,450,298.61853,3433,301.044586,1717,305.526154,343,302.1475220000001,1226
44.25,46.25,307.435059,185,305.812958,450,300.135712,3433,302.667084,1717,306.290497,343,303.5883790000001,1226
44.75,32.75,316.997528,185,316.044769,450,312.2529600000001,3433,313.737396,1717,316.353333,343,314.366852,1226
45.75,37.25,307.5309450000001,185,306.38736,450,302.078003,3433,303.979218,1717,306.773315,343,304.731537,1226
46.75,30.75,317.052948,185,316.153168,450,313.00824,3433,314.385529,1717,316.470581,343,314.8798220000001,1226
47.25,-19.75,298.888641,185,297.93576,450,295.228363,3433,296.09082,1717,298.25531,343,296.557739,1226
47.25,17.25,310.881866,185,310.40274,450,308.0327450000001,3433,309.226929,1717,310.562592,343,309.6450200000001,1226
47.75,29.25,318.1237490000001,185,317.234009,450,314.339142,3433,315.5626220000001,1717,317.505585,343,316.0122990000001,1226
47.75,30.25,318.423828,185,317.179749,450,313.7180180000001,3433,315.006927,1717,317.546783,343,315.592102,1226
48.25,29.25,317.242126,185,316.413788,450,313.613861,3433,314.7738950000001,1717,316.640198,343,315.213898,1226
48.75,37.75,303.445282,185,302.273651,450,297.526794,3433,299.599457,1717,302.714844,343,300.357361,1226
48.75,38.25,307.143829,185,305.962128,450,301.3199160000001,3433,303.339142,1717,306.385651,343,304.082214,1226
48.75,39.25,310.10788,185,309.030029,450,304.258636,3433,306.3379520000001,1717,309.334351,343,307.188385,1226
49.25,55.75,303.970459,185,301.986267,450,295.4994200000001,3433,297.988617,1717,302.72229,343,299.0454410000001,1226
50.25,35.25,308.85495,185,307.76709,450,303.134857,3433,305.103973,1717,308.126801,343,305.938416,1226
51.25,33.75,307.278198,185,306.254913,450,302.441528,3433,304.155701,1717,306.570526,343,304.7655640000001,1226
51.25,51.25,305.8757930000001,185,304.348541,450,298.234467,3433,300.874573,1717,304.806946,343,301.858276,1226
53.75,28.75,312.298615,185,311.523712,450,308.427856,3433,309.7951970000001,1717,311.7750240000001,343,310.292114,1226
59.25,36.25,305.85083,185,304.581635,450,300.52121,3433,302.26297,1717,305.026978,343,302.905182,1226
59.75,55.25,301.222443,185,299.332214,450,292.773743,3433,295.412903,1717,299.984283,343,296.545959,1226
63.25,61.25,300.597198,185,298.338104,450,291.751617,3433,294.56723,1717,299.0548100000001,343,295.645599,1226
66.25,39.75,309.853333,185,308.265259,450,303.762939,3433,305.597992,1717,308.763794,343,306.352264,1226
66.75,29.25,307.104248,185,306.24292,450,302.754272,3433,304.264313,1717,306.516083,343,304.81839,1226
68.25,33.75,299.826111,185,298.72934,450,294.720276,3433,296.33139,1717,299.118744,343,297.016052,1226
68.75,35.75,303.330475,185,302.193115,450,298.112091,3433,299.811279,1717,302.566223,343,300.515594,1226
69.75,32.25,310.291534,185,309.077332,450,305.07431,3433,306.771637,1717,309.492523,343,307.3848270000001,1226
69.75,33.25,305.715118,185,304.366333,450,300.292755,3433,301.896484,1717,304.742554,343,302.5967100000001,1226
69.75,36.75,306.850769,185,305.634979,450,301.836761,3433,303.431122,1717,306.026337,343,303.997498,1226
70.25,28.25,315.346771,185,314.34729,450,311.042755,3433,312.4165950000001,1717,314.644684,343,312.9399410000001,1226
70.25,34.75,307.53894,185,306.431854,450,302.805939,3433,304.329529,1717,306.814758,343,304.964935,1226
70.75,29.75,316.36499,185,315.370667,450,311.832336,3433,313.311218,1717,315.697937,343,313.886383,1226
70.75,40.25,307.823944,185,306.425446,450,302.591736,3433,304.245911,1717,306.7948,343,304.874725,1226
72.75,23.75,312.840088,185,312.147308,450,309.309662,3433,310.493286,1717,312.367249,343,311.017609,1226
72.75,32.75,313.7329410000001,185,312.72937,450,308.947174,3433,310.6348270000001,1717,313.038544,343,311.270569,1226
73.25,34.25,308.411041,185,307.194458,450,303.355591,3433,305.136414,1717,307.602509,343,305.766052,1226
73.75,4.25,304.684723,185,304.379028,450,303.378296,3433,303.789886,1717,304.499603,343,303.963593,1226
74.25,14.25,307.214935,185,306.74527,450,305.121399,3433,305.8586430000001,1717,306.879791,343,306.139557,1226
74.25,17.25,307.375702,185,306.64798,450,304.205261,3433,305.212036,1717,306.866913,343,305.634705,1226
74.25,20.75,309.968506,185,309.092529,450,306.04184,3433,307.237183,1717,309.3539120000001,343,307.770477,1226
74.75,18.75,310.403839,185,309.389221,450,306.108948,3433,307.455902,1717,309.784424,343,307.988678,1226
74.75,26.75,314.072937,185,312.963409,450,309.5225220000001,3433,310.958466,1717,313.322388,343,311.504272,1226
75.25,13.75,306.178497,185,305.57193,450,303.0786740000001,3433,304.21991,1717,305.77087400000005,343,304.649902,1226
75.25,19.25,311.803436,185,310.78418,450,307.663849,3433,308.947998,1717,311.124054,343,309.4761660000001,1226
75.25,21.75,312.713837,185,311.848969,450,308.483856,3433,309.891602,1717,312.149323,343,310.43219,1226
75.75,17.75,311.8896180000001,185,311.110321,450,308.073883,3433,309.423187,1717,311.386658,343,309.920746,1226
76.25,12.75,306.096893,185,305.375305,450,302.517303,3433,303.8237299999999,1717,305.5930180000001,343,304.314423,1226
76.75,25.75,315.412048,185,314.413757,450,311.1416930000001,3433,312.563721,1717,314.80835,343,313.131195,1226
76.75,30.75,312.057831,185,311.1347350000001,450,307.448761,3433,309.137817,1717,311.441803,343,309.750732,1226
76.75,43.25,304.344452,185,302.917267,450,298.799347,3433,300.511414,1717,303.351501,343,301.221405,1226
76.75,66.25,297.032593,185,295.132813,450,287.679047,3433,290.814911,1717,295.778534,343,292.118622,1226
77.75,19.75,314.156708,185,313.266449,450,309.7654720000001,3433,311.288879,1717,313.595093,343,311.896912,1226
78.25,10.75,310.948822,185,310.132568,450,307.17691,3433,308.4514470000001,1717,310.3842160000001,343,308.927155,1226
78.25,12.75,309.498657,185,308.700897,450,305.660706,3433,306.952209,1717,308.997223,343,307.472321,1226
78.25,15.25,313.8130490000001,185,313.0082700000001,450,309.511749,3433,311.0419310000001,1717,313.237671,343,311.64444,1226
78.25,24.25,315.316162,185,314.045532,450,310.20578,3433,311.876038,1717,314.391327,343,312.545288,1226
78.75,11.75,310.563507,185,309.697479,450,306.6091,3433,307.972809,1717,310.011566,343,308.454681,1226
79.25,9.75,308.83255,185,308.313477,450,306.300934,3433,307.132813,1717,308.503967,343,307.467102,1226
79.25,19.25,314.3911740000001,185,313.482605,450,309.871735,3433,311.461517,1717,313.82486,343,312.067566,1226
79.75,28.75,314.86462400000005,185,313.838989,450,309.491974,3433,311.433228,1717,314.192993,343,312.135406,1226
80.25,15.75,313.100922,185,312.18631,450,308.311829,3433,309.763214,1717,312.531647,343,310.410919,1226
80.25,21.75,314.717682,185,313.795502,450,309.591675,3433,311.399445,1717,314.108673,343,312.173553,1226
80.75,16.75,313.648956,185,312.601471,450,308.195801,3433,310.276672,1717,312.953033,343,311.028381,1226
81.75,7.75,306.924561,185,306.529175,450,304.788544,3433,305.547455,1717,306.66391,343,305.859253,1226
81.75,27.25,315.165771,185,313.9320370000001,450,308.902344,3433,311.138031,1717,314.347931,343,312.042877,1226
82.25,17.75,310.567932,185,309.502869,450,305.367371,3433,307.259918,1717,309.841125,343,307.960938,1226
82.25,26.75,315.324768,185,314.128479,450,309.216644,3433,311.425201,1717,314.5092160000001,343,312.305573,1226
83.25,21.75,314.883057,185,313.773956,450,309.1101680000001,3433,311.154419,1717,314.118011,343,311.9423220000001,1226
83.25,27.75,309.442902,185,308.236328,450,304.435242,3433,306.032715,1717,308.701996,343,306.690857,1226
83.75,28.25,299.2612,185,298.374176,450,296.076569,3433,296.936646,1717,298.637054,343,297.287872,1226
84.25,23.25,311.996216,185,310.839539,450,306.2398990000001,3433,308.245392,1717,311.216034,343,309.0211490000001,1226
84.25,24.75,315.412109,185,314.205231,450,309.1948240000001,3433,311.484131,1717,314.574707,343,312.39444,1226
84.75,23.25,311.783325,185,310.935089,450,306.597473,3433,308.464783,1717,311.177551,343,309.222931,1226
85.75,22.25,312.102936,185,310.848541,450,307.06774900000005,3433,308.614044,1717,311.263794,343,309.26059,1226
86.25,21.25,312.0689700000001,185,310.586243,450,306.798401,3433,308.177277,1717,311.089386,343,308.79068,1226
87.25,24.25,311.679535,185,310.784424,450,306.974243,3433,308.645905,1717,311.0747990000001,343,309.284607,1226
87.75,44.25,309.851624,185,308.697479,450,304.336334,3433,306.284302,1717,309.072418,343,306.998535,1226
88.25,22.75,310.431396,185,309.5815120000001,450,306.9989930000001,3433,308.050873,1717,309.838013,343,308.484131,1226
88.25,25.75,310.19339,185,308.997528,450,305.591156,3433,306.655151,1717,309.422394,343,307.249451,1226
88.75,22.75,309.783447,185,308.950592,450,306.473602,3433,307.497681,1717,309.227081,343,307.909027,1226
88.75,23.75,310.058655,185,309.205688,450,306.479889,3433,307.589661,1717,309.495514,343,308.0161740000001,1226
88.75,25.75,309.198975,185,308.013611,450,305.330322,3433,306.227203,1717,308.375732,343,306.647247,1226
89.75,22.75,309.535034,185,308.569733,450,305.9096370000001,3433,306.909912,1717,308.866119,343,307.359589,1226
89.75,23.75,308.9092100000001,185,308.074188,450,305.553406,3433,306.574951,1717,308.340057,343,306.989166,1226
90.25,56.25,299.698364,185,298.160797,450,292.526978,3433,294.9698180000001,1717,298.670593,343,295.854309,1226
90.75,22.25,306.251709,185,305.7114870000001,450,304.0649410000001,3433,304.700928,1717,305.886658,343,304.979736,1226
92.25,26.75,306.46701,185,305.996826,450,304.295074,3433,305.0001220000001,1717,306.15799,343,305.288116,1226
93.25,20.25,306.286469,185,305.8247990000001,450,304.023499,3433,304.763184,1717,305.970001,343,305.101227,1226
96.75,21.25,303.903076,185,303.1398930000001,450,300.411804,3433,301.548004,1717,303.367004,343,301.996155,1226
97.75,4.25,303.714569,185,303.208435,450,302.057709,3433,302.493408,1717,303.334381,343,302.677643,1226
97.75,24.25,301.607758,185,300.462585,450,297.986908,3433,298.918121,1717,300.8539120000001,343,299.288971,1226
99.75,1.75,304.615692,185,304.067261,450,302.7574160000001,3433,303.24469,1717,304.211639,343,303.46936,1226
99.75,16.25,310.0639950000001,185,309.418243,450,306.83963,3433,307.968628,1717,309.621918,343,308.403656,1226
100.25,5.25,307.32666,185,306.7690120000001,450,304.441956,3433,305.304749,1717,306.970093,343,305.738922,1226
101.25,6.75,307.126892,185,306.46875,450,304.382568,3433,305.277771,1717,306.67276,343,305.631317,1226
102.25,1.25,305.877533,185,305.396759,450,304.008911,3433,304.531738,1717,305.55725099999995,343,304.764069,1226
102.75,35.75,295.86557,185,294.8726200000001,450,291.664886,3433,293.041046,1717,295.181915,343,293.570679,1226
103.75,28.25,299.898621,185,298.7828370000001,450,295.748657,3433,297.014069,1717,299.114441,343,297.519257,1226
103.75,52.75,299.194092,185,297.7101140000001,450,292.781219,3433,294.87323,1717,298.183258,343,295.68866,1226
104.25,28.75,304.766754,185,304.127319,450,301.335724,3433,302.500031,1717,304.341125,343,302.98999,1226
104.25,30.75,304.817078,185,304.204834,450,301.677094,3433,302.759003,1717,304.418488,343,303.183746,1226
104.75,21.75,311.22229,185,309.51944,450,306.029846,3433,307.03302,1717,310.052612,343,307.543488,1226
104.75,27.25,300.176086,185,299.262115,450,296.535431,3433,297.682434,1717,299.50946,343,298.121796,1226
105.25,20.25,309.747986,185,308.384369,450,304.606781,3433,305.908234,1717,308.797791,343,306.572296,1226
105.25,37.75,304.534943,185,302.748871,450,297.771912,3433,299.689728,1717,303.409546,343,300.4328,1226
106.25,32.25,302.7133790000001,185,302.014771,450,299.359375,3433,300.524658,1717,302.230957,343,300.973175,1226
107.75,14.75,302.835785,185,301.976563,450,299.998627,3433,300.687225,1717,302.277863,343,301.020172,1226
107.75,21.75,306.97525,185,306.102997,450,303.284027,3433,304.281647,1717,306.436646,343,304.788879,1226
107.75,34.25,302.804169,185,301.625854,450,298.3404240000001,3433,299.755707,1717,302.012604,343,300.273865,1226
108.25,-7.25,304.0263060000001,185,303.613678,450,302.298798,3433,302.838959,1717,303.739075,343,303.060852,1226
108.25,12.75,304.8833620000001,185,304.1100160000001,450,301.986481,3433,302.678192,1717,304.3586430000001,343,303.0484620000001,1226
108.25,16.25,306.634674,185,305.595428,450,303.218475,3433,304.066345,1717,305.94162,343,304.454926,1226
108.75,29.75,305.835907,185,303.851532,450,299.486511,3433,300.912598,1717,304.388367,343,301.598175,1226
109.75,23.25,308.857056,185,307.6651310000001,450,304.398071,3433,305.403625,1717,308.169098,343,305.86673,1226
109.75,28.75,308.587463,185,306.587372,450,302.130829,3433,303.598755,1717,307.192139,343,304.278748,1226
110.75,21.75,308.295288,185,307.514282,450,304.519684,3433,305.630219,1717,307.754547,343,306.187134,1226
111.75,21.75,307.4306640000001,185,306.689667,450,303.832245,3433,304.8961490000001,1717,306.917999,343,305.374878,1226
111.75,39.25,301.858185,185,300.387848,450,295.571686,3433,297.408936,1717,300.914307,343,298.213898,1226
112.25,22.75,308.624573,185,307.2661740000001,450,303.725067,3433,304.715912,1717,307.7186890000001,343,305.235687,1226
112.25,34.75,307.796509,185,306.278168,450,302.403381,3433,303.9151310000001,1717,306.77829,343,304.494263,1226
112.75,25.75,309.578033,185,307.847931,450,303.494171,3433,304.8013,1717,308.361542,343,305.431488,1226
113.25,23.75,309.159363,185,307.65625,450,304.329132,3433,305.327362,1717,308.09079,343,305.7827450000001,1226
113.25,34.25,306.0074160000001,185,304.883575,450,301.673676,3433,303.108521,1717,305.259003,343,303.638214,1226
113.75,-1.25,305.355682,185,304.702423,450,303.25116,3433,303.768951,1717,304.892273,343,304.014404,1226
113.75,36.25,303.894257,185,302.4208680000001,450,298.7117,3433,300.23938,1717,302.8445430000001,343,300.83850099999995,1226
114.25,35.75,307.511566,185,305.833618,450,302.06189,3433,303.5948180000001,1717,306.305389,343,304.201385,1226
114.25,37.75,306.961182,185,305.181519,450,300.727844,3433,302.4575200000001,1717,305.811829,343,303.16626,1226
114.75,24.75,308.580322,185,306.877686,450,302.8078,3433,304.032776,1717,307.422455,343,304.6500240000001,1226
114.75,38.75,308.068481,185,306.419128,450,301.912964,3433,303.612061,1717,306.964813,343,304.299347,1226
114.75,39.25,304.1356810000001,185,302.3355410000001,450,297.594421,3433,299.344635,1717,302.877563,343,300.148102,1226
115.25,23.25,305.905273,185,304.986481,450,302.744293,3433,303.605438,1717,305.289978,343,303.938812,1226
115.25,24.75,308.923157,185,307.696533,450,303.477325,3433,304.811188,1717,308.077576,343,305.529694,1226
115.75,38.25,308.616913,185,307.153229,450,302.577026,3433,304.287445,1717,307.64624,343,305.1173100000001,1226
117.25,36.25,306.066559,185,304.672882,450,300.864349,3433,302.349945,1717,305.080292,343,302.963745,1226
118.25,24.75,307.256042,185,306.43515,450,303.959534,3433,304.879028,1717,306.690369,343,305.268524,1226
118.75,27.75,307.685608,185,305.978394,450,302.2340700000001,3433,303.5328370000001,1717,306.480988,343,304.116241,1226
118.75,32.25,307.549927,185,306.439331,450,303.068634,3433,304.595184,1717,306.772247,343,305.122467,1226
119.25,-3.25,302.774567,185,302.358185,450,301.080719,3433,301.583954,1717,302.500427,343,301.7965700000001,1226
119.25,31.25,308.592377,185,307.34082,450,303.60437,3433,305.192139,1717,307.674072,343,305.800323,1226
119.25,35.25,306.1251529999999,185,304.582336,450,300.602783,3433,302.2029720000001,1717,305.014465,343,302.8548580000001,1226
119.75,28.25,307.6867680000001,185,306.179962,450,302.619324,3433,303.954803,1717,306.64624,343,304.525696,1226
119.75,36.25,305.818878,185,304.444458,450,300.594208,3433,302.1503600000001,1717,304.84613,343,302.797699,1226
120.75,16.25,305.380493,185,303.5889279999999,450,300.598511,3433,301.6279600000001,1717,304.171844,343,302.10434,1226
120.75,40.75,303.673035,185,302.374542,450,298.5722350000001,3433,300.129059,1717,302.802521,343,300.7533870000001,1226
121.25,16.75,303.447693,185,302.811127,450,300.671326,3433,301.510712,1717,303.025421,343,301.885132,1226
121.25,41.75,305.212372,185,303.829224,450,299.631012,3433,301.310364,1717,304.267334,343,301.9629520000001,1226
121.75,36.75,302.667877,185,301.707581,450,298.501953,3433,299.778748,1717,301.9941100000001,343,300.319427,1226
122.25,6.75,304.158478,185,303.657501,450,302.519928,3433,302.952057,1717,303.8108220000001,343,303.137726,1226
122.25,37.25,302.410828,185,301.407471,450,298.365662,3433,299.574554,1717,301.7494200000001,343,300.1026,1226
122.25,39.75,302.613647,185,301.529907,450,298.321533,3433,299.664581,1717,301.819733,343,300.1987299999999,1226
122.25,41.25,305.7028200000001,185,304.300079,450,300.340912,3433,301.908203,1717,304.74707,343,302.580841,1226
122.75,0.75,302.475525,185,302.19281,450,301.332062,3433,301.658051,1717,302.298737,343,301.8081049999999,1226
122.75,45.75,304.403473,185,303.101654,450,299.022064,3433,300.766785,1717,303.493622,343,301.40448,1226
124.25,42.75,303.816498,185,302.432617,450,298.894928,3433,300.463745,1717,302.825256,343,301.0461430000001,1226
124.75,8.25,302.841156,185,302.176025,450,300.290375,3433,300.857666,1717,302.3746950000001,343,301.161957,1226
124.75,45.25,303.798431,185,302.617462,450,298.674957,3433,300.349762,1717,302.995575,343,300.967896,1226
125.75,38.75,303.522156,185,302.574036,450,299.665192,3433,300.9317020000001,1717,302.879364,343,301.405365,1226
125.75,40.25,300.2578430000001,185,299.339508,450,296.322052,3433,297.617859,1717,299.618652,343,298.123627,1226
125.75,41.75,300.263824,185,299.499359,450,296.352692,3433,297.7388,1717,299.736206,343,298.224304,1226
125.75,47.25,302.537323,185,301.501129,450,297.520538,3433,299.349365,1717,301.821045,343,299.972839,1226
126.75,46.75,302.62265,185,301.572906,450,297.665283,3433,299.433716,1717,301.8797,343,300.089996,1226
127.25,45.75,301.444275,185,300.659332,450,296.9984740000001,3433,298.664032,1717,300.908447,343,299.265259,1226
129.25,35.25,303.801575,185,302.997314,450,299.868744,3433,301.278442,1717,303.241028,343,301.808624,1226
129.25,40.75,301.655182,185,300.740112,450,297.1787720000001,3433,298.782196,1717,301.01416,343,299.375244,1226
137.25,34.75,304.413086,185,303.9638060000001,450,301.481171,3433,302.716309,1717,304.103424,343,303.112793,1226
137.75,-3.75,296.983002,185,296.651886,450,295.661255,3433,296.074005,1717,296.7510680000001,343,296.247253,1226
138.75,35.75,298.014679,185,297.509247,450,295.03186,3433,296.225616,1717,297.6983029999999,343,296.661316,1226
140.75,38.25,300.563324,185,299.990234,450,296.935028,3433,298.4692990000001,1717,300.176117,343,298.967865,1226
140.75,40.75,300.873413,185,300.093964,450,296.516663,3433,298.169556,1717,300.367706,343,298.799377,1226
141.25,43.25,299.7836,185,299.0484620000001,450,295.329346,3433,297.069702,1717,299.278107,343,297.708801,1226
142.75,-3.25,304.832214,185,304.4758,450,303.446259,3433,303.822784,1717,304.598053,343,304.0010680000001,1226
144.75,-6.25,300.3149410000001,185,299.696411,450,298.438477,3433,298.898804,1717,299.87085,343,299.104401,1226
